{
    "name": "root",
    "gauges": {
        "CarTrack1.Policy.Entropy.mean": {
            "value": 1.1995787620544434,
            "min": 1.1835803985595703,
            "max": 1.2189178466796875,
            "count": 5
        },
        "CarTrack1.Policy.Entropy.sum": {
            "value": 29711.16796875,
            "min": 29314.91796875,
            "max": 30637.57421875,
            "count": 5
        },
        "CarTrack1.Step.mean": {
            "value": 2124992.0,
            "min": 2024960.0,
            "max": 2124992.0,
            "count": 5
        },
        "CarTrack1.Step.sum": {
            "value": 2124992.0,
            "min": 2024960.0,
            "max": 2124992.0,
            "count": 5
        },
        "CarTrack1.Policy.ExtrinsicValueEstimate.mean": {
            "value": 4.1092963218688965,
            "min": 3.3088254928588867,
            "max": 4.1092963218688965,
            "count": 5
        },
        "CarTrack1.Policy.ExtrinsicValueEstimate.sum": {
            "value": 1643.718505859375,
            "min": 1297.0595703125,
            "max": 1643.718505859375,
            "count": 5
        },
        "CarTrack1.Policy.GailValueEstimate.mean": {
            "value": 5.9019622802734375,
            "min": 4.331613540649414,
            "max": 5.9019622802734375,
            "count": 5
        },
        "CarTrack1.Policy.GailValueEstimate.sum": {
            "value": 2360.784912109375,
            "min": 1697.992431640625,
            "max": 2360.784912109375,
            "count": 5
        },
        "CarTrack1.Environment.EpisodeLength.mean": {
            "value": 999.0,
            "min": 999.0,
            "max": 999.0,
            "count": 5
        },
        "CarTrack1.Environment.EpisodeLength.sum": {
            "value": 23976.0,
            "min": 23976.0,
            "max": 23976.0,
            "count": 5
        },
        "CarTrack1.Environment.CumulativeReward.mean": {
            "value": 42.34923321148623,
            "min": 34.599601412711,
            "max": 42.34923321148623,
            "count": 5
        },
        "CarTrack1.Environment.CumulativeReward.sum": {
            "value": 1016.3815970756696,
            "min": 830.3904339050641,
            "max": 1016.3815970756696,
            "count": 5
        },
        "CarTrack1.Policy.ExtrinsicReward.mean": {
            "value": 42.34923321148623,
            "min": 34.599601412711,
            "max": 42.34923321148623,
            "count": 5
        },
        "CarTrack1.Policy.ExtrinsicReward.sum": {
            "value": 1016.3815970756696,
            "min": 830.3904339050641,
            "max": 1016.3815970756696,
            "count": 5
        },
        "CarTrack1.Policy.GailReward.mean": {
            "value": 35.94014093716396,
            "min": 26.254199548289762,
            "max": 35.94014093716396,
            "count": 5
        },
        "CarTrack1.Policy.GailReward.sum": {
            "value": 862.563382491935,
            "min": 630.1007891589543,
            "max": 862.563382491935,
            "count": 5
        },
        "CarTrack1.Losses.PolicyLoss.mean": {
            "value": 0.02320122329008882,
            "min": 0.02320122329008882,
            "max": 0.025656934839498716,
            "count": 5
        },
        "CarTrack1.Losses.PolicyLoss.sum": {
            "value": 0.02320122329008882,
            "min": 0.02320122329008882,
            "max": 0.025656934839498716,
            "count": 5
        },
        "CarTrack1.Losses.ValueLoss.mean": {
            "value": 0.10455530919134617,
            "min": 0.10455530919134617,
            "max": 0.2736971588432789,
            "count": 5
        },
        "CarTrack1.Losses.ValueLoss.sum": {
            "value": 0.10455530919134617,
            "min": 0.10455530919134617,
            "max": 0.2736971588432789,
            "count": 5
        },
        "CarTrack1.Policy.LearningRate.mean": {
            "value": 0.00017366020211328004,
            "min": 0.00017366020211328004,
            "max": 0.0001787002004332801,
            "count": 5
        },
        "CarTrack1.Policy.LearningRate.sum": {
            "value": 0.00017366020211328004,
            "min": 0.00017366020211328004,
            "max": 0.0001787002004332801,
            "count": 5
        },
        "CarTrack1.Policy.Epsilon.mean": {
            "value": 0.15788672000000004,
            "min": 0.15788672000000004,
            "max": 0.15956672000000002,
            "count": 5
        },
        "CarTrack1.Policy.Epsilon.sum": {
            "value": 0.15788672000000004,
            "min": 0.15788672000000004,
            "max": 0.15956672000000002,
            "count": 5
        },
        "CarTrack1.Policy.Beta.mean": {
            "value": 0.002898547328,
            "min": 0.002898547328,
            "max": 0.002982379328000001,
            "count": 5
        },
        "CarTrack1.Policy.Beta.sum": {
            "value": 0.002898547328,
            "min": 0.002898547328,
            "max": 0.002982379328000001,
            "count": 5
        },
        "CarTrack1.Policy.GAILPolicyEstimate.mean": {
            "value": 0.04216799005866051,
            "min": 0.04173400465399027,
            "max": 0.054018148444592955,
            "count": 5
        },
        "CarTrack1.Policy.GAILPolicyEstimate.sum": {
            "value": 0.04216799005866051,
            "min": 0.04173400465399027,
            "max": 0.054018148444592955,
            "count": 5
        },
        "CarTrack1.Policy.GAILExpertEstimate.mean": {
            "value": 0.9624753439426422,
            "min": 0.9573540896177292,
            "max": 0.9624753439426422,
            "count": 5
        },
        "CarTrack1.Policy.GAILExpertEstimate.sum": {
            "value": 0.9624753439426422,
            "min": 0.9573540896177292,
            "max": 0.9624753439426422,
            "count": 5
        },
        "CarTrack1.Losses.GAILLoss.mean": {
            "value": 0.08768413059413432,
            "min": 0.08768413059413432,
            "max": 0.10843768998980523,
            "count": 5
        },
        "CarTrack1.Losses.GAILLoss.sum": {
            "value": 0.08768413059413432,
            "min": 0.08768413059413432,
            "max": 0.10843768998980523,
            "count": 5
        },
        "CarTrack1.Policy.GAILGradMagLoss.mean": {
            "value": 0.05745177078992128,
            "min": 0.05745177078992128,
            "max": 0.12706447124481202,
            "count": 5
        },
        "CarTrack1.Policy.GAILGradMagLoss.sum": {
            "value": 0.05745177078992128,
            "min": 0.05745177078992128,
            "max": 0.12706447124481202,
            "count": 5
        },
        "CarTrack1.Losses.PretrainingLoss.mean": {
            "value": 0.6088950667116377,
            "min": 0.6070084174474081,
            "max": 0.6171889305114746,
            "count": 5
        },
        "CarTrack1.Losses.PretrainingLoss.sum": {
            "value": 0.6088950667116377,
            "min": 0.6070084174474081,
            "max": 0.6171889305114746,
            "count": 5
        },
        "CarTrack1.IsTraining.mean": {
            "value": 1.0,
            "min": 1.0,
            "max": 1.0,
            "count": 5
        },
        "CarTrack1.IsTraining.sum": {
            "value": 1.0,
            "min": 1.0,
            "max": 1.0,
            "count": 5
        }
    },
    "metadata": {
        "timer_format_version": "0.1.0",
        "start_time_seconds": "1717531929",
        "python_version": "3.10.0 (tags/v3.10.0:b494f59, Oct  4 2021, 19:00:18) [MSC v.1929 64 bit (AMD64)]",
        "command_line_arguments": "D:\\Unity_Projects\\ML\\ML_Trial1\\venv\\Scripts\\mlagents-learn config/CarTrack1.yaml --run-id=CarTrack1 --resume",
        "mlagents_version": "0.30.0",
        "mlagents_envs_version": "0.30.0",
        "communication_protocol_version": "1.5.0",
        "pytorch_version": "2.3.0+cpu",