{"count":1,"self":2865.554432,"total":51219.408506499996,"children":{"InitializeActuators":{"count":20,"self":0.0009999,"total":0.0009999,"children":null},"InitializeSensors":{"count":20,"self":0.0020242,"total":0.0020242,"children":null},"AgentSendState":{"count":2500067,"self":1385.4222336,"total":2036.1048237,"children":{"CollectObservations":{"count":50001340,"self":62.772115199999995,"total":62.772114699999996,"children":null},"WriteActionMask":{"count":50001340,"self":12.8828848,"total":12.8828851,"children":null},"RequestDecision":{"count":50001340,"self":45.2509088,"total":575.0275696,"children":{"AgentInfo.ToProto":{"count":50001340,"self":73.290643199999991,"total":529.77666179999994,"children":{"GenerateSensorData":{"count":50001340,"self":405.3039616,"total":456.4860199,"children":{"RayPerceptionSensor.Perceive":{"count":50001340,"self":51.1820512,"total":51.1820515,"children":null}}}}}}}}},"DecideAction":{"count":2500067,"self":46234.2520832,"total":46234.251752799995,"children":null},"AgentAct":{"count":2500067,"self":83.25909759999999,"total":83.4914344,"children":{"AgentInfo.ToProto":{"count":20000,"self":0.036063,"total":0.2323342,"children":{"GenerateSensorData":{"count":20000,"self":0.17527109999999999,"total":0.19627119999999998,"children":{"RayPerceptionSensor.Perceive":{"count":20000,"self":0.0210001,"total":0.0210001,"children":null}}}}}}}},"gauges":{"CarTrack1.CumulativeReward":{"count":20000,"max":131.913116,"min":-0.2966776,"runningAverage":66.3463058,"value":99.76816,"weightedAverage":79.7166748}},"metadata":{"timer_format_version":"0.1.0","start_time_seconds":"1717713775","unity_version":"2022.3.10f1","command_line_arguments":"D:\\Unity_Projects\\ML\\ML_Trial1\\Builds\/ServerBuild2\/ML_Trial1.exe --mlagents-port 5005 -logFile D:\\Unity_Projects\\ML\\ML_Trial1\\results\\CarTrack2LongServerCont\\run_logs\\Player-0.log","communication_protocol_version":"1.5.0","com.unity.ml-agents_version":"2.0.1","scene_name":"CarRacingTrack2","end_time_seconds":"1717764994"}}