{"count":1,"self":1311.7657087999999,"total":29230.399173899998,"children":{"InitializeActuators":{"count":12,"self":0.0010134,"total":0.0010134,"children":null},"InitializeSensors":{"count":12,"self":0.0029988,"total":0.0029988,"children":null},"AgentSendState":{"count":1666717,"self":688.3234304,"total":1027.0090238999999,"children":{"CollectObservations":{"count":20000604,"self":27.46048,"total":27.46048,"children":null},"WriteActionMask":{"count":20000604,"self":6.10515,"total":6.1051500999999995,"children":null},"RequestDecision":{"count":20000604,"self":21.78608,"total":305.1199853,"children":{"AgentInfo.ToProto":{"count":20000604,"self":37.695456,"total":283.33390579999997,"children":{"GenerateSensorData":{"count":20000604,"self":221.24423679999998,"total":245.6384498,"children":{"RayPerceptionSensor.Perceive":{"count":20000604,"self":24.3942208,"total":24.3942209,"children":null}}}}}}}}},"DecideAction":{"count":1666717,"self":26854.9619712,"total":26854.9626143,"children":null},"AgentAct":{"count":1666717,"self":36.497088,"total":36.653773799999996,"children":{"AgentInfo.ToProto":{"count":9996,"self":0.02548,"total":0.1566859,"children":{"GenerateSensorData":{"count":9996,"self":0.1132468,"total":0.1312059,"children":{"RayPerceptionSensor.Perceive":{"count":9996,"self":0.0179591,"total":0.0179591,"children":null}}}}}}}},"gauges":{"CarTrack1.CumulativeReward":{"count":9996,"max":167.943756,"min":-0.0223274175,"runningAverage":86.49513,"value":123.929115,"weightedAverage":147.963287}},"metadata":{"timer_format_version":"0.1.0","start_time_seconds":"1717534462","unity_version":"2022.3.10f1","command_line_arguments":"D:\\Unity_Projects\\ML\\ML_Trial1\\Builds\/ServerBuild1\/ML_Trial1.exe --mlagents-port 5005 -logFile D:\\Unity_Projects\\ML\\ML_Trial1\\results\\CarTrack1LongServer\\run_logs\\Player-0.log","communication_protocol_version":"1.5.0","com.unity.ml-agents_version":"2.0.1","scene_name":"CarRacing","end_time_seconds":"1717563692"}}